/*
 Navicat MySQL Data Transfer

 Source Server         : localhost
 Source Server Version : 50545
 Source Host           : 127.0.0.1
 Source Database       : framework

 Target Server Version : 50545
 File Encoding         : utf-8

 Date: 12/13/2016 18:38:47 PM
*/

SET NAMES utf8;
SET FOREIGN_KEY_CHECKS = 0;

-- ----------------------------
--  Table structure for `t_auth`
-- ----------------------------
DROP TABLE IF EXISTS `t_auth`;
CREATE TABLE `t_auth` (
  `id` int(11) NOT NULL AUTO_INCREMENT,
  `auth_name` varchar(100) NOT NULL COMMENT '权限名称',
  `auth_type` varchar(5) NOT NULL COMMENT '权限类型,1.按钮,2页面,3菜单',
  `parent_id` int(11) DEFAULT NULL,
  `is_enable` varchar(5) NOT NULL COMMENT '是否可用:0不可用,1可用',
  `auth_url` varchar(255) DEFAULT NULL,
  `create_user` int(11) DEFAULT NULL COMMENT '创建人',
  `create_date` datetime DEFAULT NULL COMMENT '创建时间',
  `update_user` int(11) DEFAULT NULL COMMENT '修改人',
  `update_time` datetime DEFAULT NULL,
  `auth_desc` varchar(255) DEFAULT NULL COMMENT '描述',
  PRIMARY KEY (`id`)
) ENGINE=InnoDB AUTO_INCREMENT=151 DEFAULT CHARSET=utf8;

-- ----------------------------
--  Records of `t_auth`
-- ----------------------------
BEGIN;
INSERT INTO `t_auth` VALUES ('131', '系统管理', '3', null, '1', null, null, null, null, null, '系统管理'), ('132', '权限管理', '2', '131', '1', '/api/auth/list', null, null, null, null, '权限管理'), ('133', '删除权限', '2', '132', '1', '/api/auth/delete', null, null, null, null, '删除权限'), ('134', '添加权限', '2', '132', '1', '/api/auth/addOrEdit', null, null, null, null, '添加权限'), ('135', '权限组管理', '2', '131', '1', '/api/authGroup/list', null, null, null, null, '权限组管理'), ('136', '权限组删除', '2', '135', '1', '/api/authGroup/delete', null, null, null, null, '权限组删除'), ('137', '权限组添加', '2', '135', '1', '/api/authGroup/addOrEdit', null, null, null, null, '权限组添加'), ('138', '授权', '2', '135', '1', '/api/authGroup/shouquan', null, null, null, null, '授权'), ('139', '员工管理', '2', '131', '1', '/api/employee/list', null, null, null, null, '员工管理'), ('140', '分配权限', '2', '139', '1', '/api/employee/auth', null, null, null, null, '分配权限'), ('141', '员工添加', '2', '139', '1', '/api/employee/addOrEdit', null, null, null, null, '员工添加'), ('142', '员工登录状态修改', '2', '139', '1', '/api/employee/isLogin', null, null, null, null, '员工登录状态修改'), ('143', '员工使用状态修改', '2', '139', '1', '/api/employee/isEnable', null, null, null, null, '员工使用状态修改'), ('144', '员工修改密码', '2', '139', '1', '/api/employee/updatepass', null, null, null, null, '员工修改密码'), ('145', '业务管理', '3', null, '1', null, null, null, null, null, '业务管理'), ('146', '用户管理', '2', '145', '1', '/api/user/list', null, null, null, null, '用户管理'), ('147', '添加用户', '2', '146', '1', '/api/user/addOrEdit', null, null, null, null, '添加管理'), ('148', '修改用户登录状态', '2', '146', '1', '/api/user/isLogin', null, null, null, null, '修改用户登录状态'), ('149', '修改用户可用状态', '2', '146', '1', '/api/user/isEnable', null, null, null, null, '修改用户可用状态'), ('150', '修改密码', '2', '146', '1', '/api/user/addOrEdit', null, null, null, null, '修改密码');
COMMIT;

-- ----------------------------
--  Table structure for `t_auth_group`
-- ----------------------------
DROP TABLE IF EXISTS `t_auth_group`;
CREATE TABLE `t_auth_group` (
  `id` int(11) NOT NULL AUTO_INCREMENT,
  `auth_group_name` varchar(100) NOT NULL COMMENT '权限组名称',
  `auth_group_desc` varchar(255) DEFAULT NULL COMMENT '描述',
  `is_enable` int(11) DEFAULT '1' COMMENT '是否可用:0.不可用,1可用',
  `create_user` int(11) DEFAULT NULL,
  `create_time` datetime DEFAULT NULL,
  `update_user` int(11) DEFAULT NULL,
  `update_time` datetime DEFAULT NULL,
  PRIMARY KEY (`id`)
) ENGINE=InnoDB AUTO_INCREMENT=2 DEFAULT CHARSET=utf8;

-- ----------------------------
--  Records of `t_auth_group`
-- ----------------------------
BEGIN;
INSERT INTO `t_auth_group` VALUES ('1', '超级管理员', null, '1', null, null, null, null);
COMMIT;

-- ----------------------------
--  Table structure for `t_auth_group_relationship`
-- ----------------------------
DROP TABLE IF EXISTS `t_auth_group_relationship`;
CREATE TABLE `t_auth_group_relationship` (
  `id` int(11) NOT NULL AUTO_INCREMENT,
  `auth_id` int(11) NOT NULL,
  `auth_group_id` int(11) NOT NULL,
  PRIMARY KEY (`id`)
) ENGINE=InnoDB AUTO_INCREMENT=285 DEFAULT CHARSET=utf8;

-- ----------------------------
--  Records of `t_auth_group_relationship`
-- ----------------------------
BEGIN;
INSERT INTO `t_auth_group_relationship` VALUES ('265', '150', '1'), ('266', '149', '1'), ('267', '148', '1'), ('268', '147', '1'), ('269', '146', '1'), ('270', '145', '1'), ('271', '144', '1'), ('272', '143', '1'), ('273', '142', '1'), ('274', '141', '1'), ('275', '140', '1'), ('276', '139', '1'), ('277', '138', '1'), ('278', '137', '1'), ('279', '136', '1'), ('280', '135', '1'), ('281', '134', '1'), ('282', '133', '1'), ('283', '132', '1'), ('284', '131', '1');
COMMIT;

-- ----------------------------
--  Table structure for `t_employee`
-- ----------------------------
DROP TABLE IF EXISTS `t_employee`;
CREATE TABLE `t_employee` (
  `id` int(11) NOT NULL AUTO_INCREMENT,
  `user_name` varchar(30) NOT NULL,
  `nike_name` varchar(30) DEFAULT NULL,
  `email` varchar(50) DEFAULT NULL,
  `mobile` varchar(20) NOT NULL,
  `password` varchar(50) DEFAULT NULL,
  `create_user` int(11) DEFAULT NULL,
  `create_time` datetime DEFAULT NULL,
  `update_user` int(11) DEFAULT NULL,
  `update_time` datetime DEFAULT NULL,
  `verify_user` int(11) DEFAULT NULL,
  `verify_time` datetime DEFAULT NULL,
  `is_login` int(11) NOT NULL COMMENT '限制登录,0限制,1不限制',
  `is_enable` int(11) DEFAULT NULL COMMENT '是否可用:0不可,1可以',
  PRIMARY KEY (`id`)
) ENGINE=InnoDB AUTO_INCREMENT=15 DEFAULT CHARSET=utf8;

-- ----------------------------
--  Records of `t_employee`
-- ----------------------------
BEGIN;
INSERT INTO `t_employee` VALUES ('12', 'admin', '昵称1', '11653786@qq.com', '15207183027', 'e10adc3949ba59abbe56e057f20f883e', null, null, null, null, null, null, '1', '1'), ('13', 'yangtao', 'yt', '11653786@qq.com', '13545572165', 'e10adc3949ba59abbe56e057f20f883e', null, null, null, null, null, null, '1', '1'), ('14', '1231231', '123231', '11653786@qq.com', '15207183027', 'd41d8cd98f00b204e9800998ecf8427e', null, null, null, null, null, null, '1', '1');
COMMIT;

-- ----------------------------
--  Table structure for `t_employee_authgroup_relationship`
-- ----------------------------
DROP TABLE IF EXISTS `t_employee_authgroup_relationship`;
CREATE TABLE `t_employee_authgroup_relationship` (
  `id` int(11) NOT NULL AUTO_INCREMENT,
  `employee_id` int(11) NOT NULL COMMENT '用户id',
  `auth_group_id` int(11) NOT NULL COMMENT '权限组id',
  `employee_name` varchar(255) DEFAULT NULL COMMENT '用户名称',
  `auth_group_name` varchar(255) DEFAULT NULL,
  PRIMARY KEY (`id`)
) ENGINE=InnoDB AUTO_INCREMENT=25 DEFAULT CHARSET=utf8;

-- ----------------------------
--  Records of `t_employee_authgroup_relationship`
-- ----------------------------
BEGIN;
INSERT INTO `t_employee_authgroup_relationship` VALUES ('21', '12', '1', 'admin', '超级管理员'), ('23', '13', '1', 'yangtao', '超级管理员'), ('24', '14', '1', '123123', '超级管理员');
COMMIT;

-- ----------------------------
--  Table structure for `t_log`
-- ----------------------------
DROP TABLE IF EXISTS `t_log`;
CREATE TABLE `t_log` (
  `id` int(11) NOT NULL AUTO_INCREMENT,
  `class_name` varchar(255) NOT NULL,
  `create_user` int(11) NOT NULL,
  `create_date` datetime NOT NULL,
  `is_success` int(5) NOT NULL,
  `log_info` blob,
  `spend_time` int(11) NOT NULL,
  `entity_name` varchar(50) NOT NULL,
  `actions` varchar(50) DEFAULT NULL COMMENT '操作,增加,修改，删除',
  PRIMARY KEY (`id`)
) ENGINE=InnoDB AUTO_INCREMENT=25 DEFAULT CHARSET=utf8;

-- ----------------------------
--  Records of `t_log`
-- ----------------------------
BEGIN;
INSERT INTO `t_log` VALUES ('15', 'com.yt.entity.mybatis.User', '0', '2016-04-07 18:26:53', '1', 0xaced00057372001a636f6d2e79742e656e746974792e6d7962617469732e55736572e3df041216894c2a02000e4c000a637265617465446174657400104c6a6176612f7574696c2f446174653b4c000a637265617465557365727400134c6a6176612f6c616e672f496e74656765723b4c0005656d61696c7400124c6a6176612f6c616e672f537472696e673b4c0002696471007e00024c00086973456e61626c657400104c6a6176612f6c616e672f427974653b4c000769734c6f67696e71007e00044c000d6c6173744c6f67696e54696d6571007e00014c000a6c6f67696e546f74616c71007e00024c00086e696b654e616d6571007e00034c000870617373776f726471007e00034c000570686f6e6571007e00034c000a7570646174654461746571007e00014c000a7570646174655573657271007e00024c0008757365724e616d6571007e00037870707074000f31313635333738364071712e636f6d707372000e6a6176612e6c616e672e427974659c4e6084ee50f51c02000142000576616c7565787200106a6176612e6c616e672e4e756d62657286ac951d0b94e08b02000078700171007e00097070740006e69da8e6b69b740020653130616463333934396261353961626265353665303537663230663838336574000b3133383138313633333933707074000779616e6774616f, '54648', '用户表', '保存'), ('16', 'com.yt.entity.mybatis.User', '0', '2016-04-07 18:27:40', '1', 0xaced00057372001a636f6d2e79742e656e746974792e6d7962617469732e55736572e3df041216894c2a02000e4c000a637265617465446174657400104c6a6176612f7574696c2f446174653b4c000a637265617465557365727400134c6a6176612f6c616e672f496e74656765723b4c0005656d61696c7400124c6a6176612f6c616e672f537472696e673b4c0002696471007e00024c00086973456e61626c657400104c6a6176612f6c616e672f427974653b4c000769734c6f67696e71007e00044c000d6c6173744c6f67696e54696d6571007e00014c000a6c6f67696e546f74616c71007e00024c00086e696b654e616d6571007e00034c000870617373776f726471007e00034c000570686f6e6571007e00034c000a7570646174654461746571007e00014c000a7570646174655573657271007e00024c0008757365724e616d6571007e00037870707074000f31313635333738364071712e636f6d707372000e6a6176612e6c616e672e427974659c4e6084ee50f51c02000142000576616c7565787200106a6176612e6c616e672e4e756d62657286ac951d0b94e08b02000078700171007e00097070740009e5be90e5b091e5869b740020653130616463333934396261353961626265353665303537663230663838336574000b3133383138313633333933707074000978757368616f6a756e, '4', '用户表', '保存'), ('17', 'com.yt.entity.mybatis.User', '0', '2016-04-18 13:51:55', '1', 0xaced00057372001a636f6d2e79742e656e746974792e6d7962617469732e55736572e3df041216894c2a02000e4c000a637265617465446174657400104c6a6176612f7574696c2f446174653b4c000a637265617465557365727400134c6a6176612f6c616e672f496e74656765723b4c0005656d61696c7400124c6a6176612f6c616e672f537472696e673b4c0002696471007e00024c00086973456e61626c657400104c6a6176612f6c616e672f427974653b4c000769734c6f67696e71007e00044c000d6c6173744c6f67696e54696d6571007e00014c000a6c6f67696e546f74616c71007e00024c00086e696b654e616d6571007e00034c000870617373776f726471007e00034c000570686f6e6571007e00034c000a7570646174654461746571007e00014c000a7570646174655573657271007e00024c0008757365724e616d6571007e00037870707074000f31313635333738364071712e636f6d707372000e6a6176612e6c616e672e427974659c4e6084ee50f51c02000142000576616c7565787200106a6176612e6c616e672e4e756d62657286ac951d0b94e08b0200007870007371007e0007017070740006313233323331740020643431643863643938663030623230346539383030393938656366383432376574000b31353230373138333032377070740006313233313233, '6', '用户表', '保存'), ('18', 'com.yt.entity.mybatis.User', '0', '2016-04-18 13:52:39', '1', 0xaced00057372001a636f6d2e79742e656e746974792e6d7962617469732e55736572e3df041216894c2a02000e4c000a637265617465446174657400104c6a6176612f7574696c2f446174653b4c000a637265617465557365727400134c6a6176612f6c616e672f496e74656765723b4c0005656d61696c7400124c6a6176612f6c616e672f537472696e673b4c0002696471007e00024c00086973456e61626c657400104c6a6176612f6c616e672f427974653b4c000769734c6f67696e71007e00044c000d6c6173744c6f67696e54696d6571007e00014c000a6c6f67696e546f74616c71007e00024c00086e696b654e616d6571007e00034c000870617373776f726471007e00034c000570686f6e6571007e00034c000a7570646174654461746571007e00014c000a7570646174655573657271007e00024c0008757365724e616d6571007e00037870707074000f31313635333738364071712e636f6d707372000e6a6176612e6c616e672e427974659c4e6084ee50f51c02000142000576616c7565787200106a6176612e6c616e672e4e756d62657286ac951d0b94e08b0200007870007371007e0007017070740006313233323331740020643431643863643938663030623230346539383030393938656366383432376574000b31333831383136333339337070740006333132313233, '1', '用户表', '保存'), ('19', 'com.yt.entity.mybatis.User', '0', '2016-04-18 16:23:09', '1', 0xaced00057372001a636f6d2e79742e656e746974792e6d7962617469732e55736572e3df041216894c2a02000e4c000a637265617465446174657400104c6a6176612f7574696c2f446174653b4c000a637265617465557365727400134c6a6176612f6c616e672f496e74656765723b4c0005656d61696c7400124c6a6176612f6c616e672f537472696e673b4c0002696471007e00024c00086973456e61626c657400104c6a6176612f6c616e672f427974653b4c000769734c6f67696e71007e00044c000d6c6173744c6f67696e54696d6571007e00014c000a6c6f67696e546f74616c71007e00024c00086e696b654e616d6571007e00034c000870617373776f726471007e00034c000570686f6e6571007e00034c000a7570646174654461746571007e00014c000a7570646174655573657271007e00024c0008757365724e616d6571007e00037870707074000f31313635333738364071712e636f6d707372000e6a6176612e6c616e672e427974659c4e6084ee50f51c02000142000576616c7565787200106a6176612e6c616e672e4e756d62657286ac951d0b94e08b02000078700171007e00097070740006313233323331740020643431643863643938663030623230346539383030393938656366383432376574000b3133383138313633333933707074000661646d696e31, '8', '用户表', '保存'), ('20', 'com.yt.entity.mybatis.User', '0', '2016-04-20 15:18:16', '1', 0xaced00057372001a636f6d2e79742e656e746974792e6d7962617469732e55736572e3df041216894c2a02000e4c000a637265617465446174657400104c6a6176612f7574696c2f446174653b4c000a637265617465557365727400134c6a6176612f6c616e672f496e74656765723b4c0005656d61696c7400124c6a6176612f6c616e672f537472696e673b4c0002696471007e00024c00086973456e61626c657400104c6a6176612f6c616e672f427974653b4c000769734c6f67696e71007e00044c000d6c6173744c6f67696e54696d6571007e00014c000a6c6f67696e546f74616c71007e00024c00086e696b654e616d6571007e00034c000870617373776f726471007e00034c000570686f6e6571007e00034c000a7570646174654461746571007e00014c000a7570646174655573657271007e00024c0008757365724e616d6571007e00037870707074000f31313635333738364071712e636f6d707372000e6a6176612e6c616e672e427974659c4e6084ee50f51c02000142000576616c7565787200106a6176612e6c616e672e4e756d62657286ac951d0b94e08b02000078700171007e000970707400027974740020643431643863643938663030623230346539383030393938656366383432376574000b3133383138313633333933707074000779616e6774616f, '4', '用户表', '保存'), ('21', 'com.yt.entity.mybatis.User', '0', '2016-04-27 11:57:13', '1', 0xaced00057372001a636f6d2e79742e656e746974792e6d7962617469732e55736572e3df041216894c2a02000e4c000a637265617465446174657400104c6a6176612f7574696c2f446174653b4c000a637265617465557365727400134c6a6176612f6c616e672f496e74656765723b4c0005656d61696c7400124c6a6176612f6c616e672f537472696e673b4c0002696471007e00024c00086973456e61626c657400104c6a6176612f6c616e672f427974653b4c000769734c6f67696e71007e00044c000d6c6173744c6f67696e54696d6571007e00014c000a6c6f67696e546f74616c71007e00024c00086e696b654e616d6571007e00034c000870617373776f726471007e00034c000570686f6e6571007e00034c000a7570646174654461746571007e00014c000a7570646174655573657271007e00024c0008757365724e616d6571007e00037870707074000f31313635333738364071712e636f6d707372000e6a6176612e6c616e672e427974659c4e6084ee50f51c02000142000576616c7565787200106a6176612e6c616e672e4e756d62657286ac951d0b94e08b02000078700171007e000970707400024b4b740020643431643863643938663030623230346539383030393938656366383432376574000b3135323037313833303237707074000661646d696e31, '5', '用户表', '保存'), ('22', 'com.yt.entity.mybatis.User', '0', '2016-04-27 13:49:07', '1', 0xaced00057372001a636f6d2e79742e656e746974792e6d7962617469732e55736572e3df041216894c2a02000e4c000a637265617465446174657400104c6a6176612f7574696c2f446174653b4c000a637265617465557365727400134c6a6176612f6c616e672f496e74656765723b4c0005656d61696c7400124c6a6176612f6c616e672f537472696e673b4c0002696471007e00024c00086973456e61626c657400104c6a6176612f6c616e672f427974653b4c000769734c6f67696e71007e00044c000d6c6173744c6f67696e54696d6571007e00014c000a6c6f67696e546f74616c71007e00024c00086e696b654e616d6571007e00034c000870617373776f726471007e00034c000570686f6e6571007e00034c000a7570646174654461746571007e00014c000a7570646174655573657271007e00024c0008757365724e616d6571007e00037870707074000f31313635333738364071712e636f6d707372000e6a6176612e6c616e672e427974659c4e6084ee50f51c02000142000576616c7565787200106a6176612e6c616e672e4e756d62657286ac951d0b94e08b02000078700171007e00097070740006313233323331740020643431643863643938663030623230346539383030393938656366383432376574000b31333831383136333339337070740006313233313233, '3', '用户表', '保存'), ('23', 'com.yt.entity.mybatis.User', '0', '2016-04-27 13:58:47', '1', 0xaced00057372001a636f6d2e79742e656e746974792e6d7962617469732e55736572e3df041216894c2a02000e4c000a637265617465446174657400104c6a6176612f7574696c2f446174653b4c000a637265617465557365727400134c6a6176612f6c616e672f496e74656765723b4c0005656d61696c7400124c6a6176612f6c616e672f537472696e673b4c0002696471007e00024c00086973456e61626c657400104c6a6176612f6c616e672f427974653b4c000769734c6f67696e71007e00044c000d6c6173744c6f67696e54696d6571007e00014c000a6c6f67696e546f74616c71007e00024c00086e696b654e616d6571007e00034c000870617373776f726471007e00034c000570686f6e6571007e00034c000a7570646174654461746571007e00014c000a7570646174655573657271007e00024c0008757365724e616d6571007e00037870707074000f31313635333738364071712e636f6d707372000e6a6176612e6c616e672e427974659c4e6084ee50f51c02000142000576616c7565787200106a6176612e6c616e672e4e756d62657286ac951d0b94e08b02000078700171007e00097070740000740020643431643863643938663030623230346539383030393938656366383432376574000b31353230373138333032377070740006313233313233, '3', '用户表', '保存'), ('24', 'com.yt.entity.mybatis.User', '0', '2016-12-13 17:50:32', '1', 0xaced00057372001a636f6d2e79742e656e746974792e6d7962617469732e55736572e3df041216894c2a02000e4c000a637265617465446174657400104c6a6176612f7574696c2f446174653b4c000a637265617465557365727400134c6a6176612f6c616e672f496e74656765723b4c0005656d61696c7400124c6a6176612f6c616e672f537472696e673b4c0002696471007e00024c00086973456e61626c657400104c6a6176612f6c616e672f427974653b4c000769734c6f67696e71007e00044c000d6c6173744c6f67696e54696d6571007e00014c000a6c6f67696e546f74616c71007e00024c00086e696b654e616d6571007e00034c000870617373776f726471007e00034c000570686f6e6571007e00034c000a7570646174654461746571007e00014c000a7570646174655573657271007e00024c0008757365724e616d6571007e00037870707074000f31313635333738364071712e636f6d707372000e6a6176612e6c616e672e427974659c4e6084ee50f51c02000142000576616c7565787200106a6176612e6c616e672e4e756d62657286ac951d0b94e08b02000078700171007e00097070740003797431740020643431643863643938663030623230346539383030393938656366383432376574000b3138333039323736363536707074000661646d696e31, '5', '用户表', '保存');
COMMIT;

-- ----------------------------
--  Table structure for `t_user`
-- ----------------------------
DROP TABLE IF EXISTS `t_user`;
CREATE TABLE `t_user` (
  `id` int(11) NOT NULL AUTO_INCREMENT,
  `user_name` varchar(255) NOT NULL,
  `password` varchar(255) NOT NULL,
  `nike_name` varchar(50) NOT NULL,
  `email` varchar(255) DEFAULT NULL,
  `phone` varchar(20) NOT NULL,
  `is_login` tinyint(2) NOT NULL COMMENT '0限制登录,1正常',
  `is_enable` tinyint(2) NOT NULL COMMENT '0,不可用,1可用',
  `login_total` int(11) DEFAULT NULL COMMENT '登录次数',
  `last_login_time` datetime DEFAULT NULL,
  `create_user` int(11) DEFAULT NULL,
  `create_date` datetime DEFAULT NULL,
  `update_user` int(11) DEFAULT NULL,
  `update_date` datetime DEFAULT NULL,
  PRIMARY KEY (`id`)
) ENGINE=InnoDB AUTO_INCREMENT=27 DEFAULT CHARSET=utf8;

-- ----------------------------
--  Records of `t_user`
-- ----------------------------
BEGIN;
INSERT INTO `t_user` VALUES ('24', 'admin', 'd41d8cd98f00b204e9800998ecf8427e', 'admin', '11653786@qq.com', '13818163393', '1', '1', null, null, null, null, null, null), ('25', 'yangtao', 'd41d8cd98f00b204e9800998ecf8427e', 'yt', '11653786@qq.com', '13818163393', '1', '1', null, null, null, null, null, null), ('26', 'admin1', 'd41d8cd98f00b204e9800998ecf8427e', 'yt1', '11653786@qq.com', '18309276656', '1', '1', null, null, null, null, null, null);
COMMIT;

SET FOREIGN_KEY_CHECKS = 1;
